AnnotSV_ID	SV_chrom	SV_start	SV_end	SV_length	SV_type	Scuenca ID	Samples_ID	ID	REF	ALT	QUAL	FILTER	INFO	FORMAT	1	2	Annotation_mode	CytoBand	Gene_name	Gene_count	Tx	Tx_start	Tx_end	Overlapped_tx_length	Overlapped_CDS_length	Overlapped_CDS_percent	Frameshift	Exon_count	Location	Location2	Dist_nearest_SS	Nearest_SS_type	Intersect_start	Intersect_end	RE_gene	P_gain_phen	P_gain_hpo	P_gain_source	P_gain_coord	P_loss_phen	P_loss_hpo	P_loss_source	P_loss_coord	P_ins_phen	P_ins_hpo	P_ins_source	P_ins_coord	po_P_gain_phen	po_P_gain_hpo	po_P_gain_source	po_P_gain_coord	po_P_gain_percent	po_P_loss_phen	po_P_loss_hpo	po_P_loss_source	po_P_loss_coord	po_P_loss_percent	P_snvindel_nb	P_snvindel_phen	B_gain_source	B_gain_coord	B_gain_AFmax	B_loss_source	B_loss_coord	B_loss_AFmax	B_ins_source	B_ins_coord	B_ins_AFmax	B_inv_source	B_inv_coord	B_inv_AFmax	po_B_gain_allG_source	po_B_gain_allG_coord	po_B_gain_someG_source	po_B_gain_someG_coord	po_B_loss_allG_source	po_B_loss_allG_coord	po_B_loss_someG_source	po_B_loss_someG_coord	Cosmic_ID	Cosmic_mut_typ	GC_content_left	GC_content_right	Repeat_coord_left	Repeat_type_left	Repeat_coord_right	Repeat_type_right	Gap_left	Gap_right	SegDup_left	SegDup_right	ENCODE_blacklist_left	ENCODE_blacklist_characteristics_left	ENCODE_blacklist_right	ENCODE_blacklist_characteristics_right	ACMG	HI	TS	DDD_HI_percent	ExAC_delZ	ExAC_dupZ	ExAC_cnvZ	ExAC_synZ	ExAC_misZ	GenCC_disease	GenCC_moi	GenCC_classification	GenCC_pmid	OMIM_ID	OMIM_phenotype	OMIM_inheritance	OMIM_morbid	OMIM_morbid_candidate	LOEUF_bin	GnomAD_pLI	ExAC_pLI	AnnotSV_ranking_score	AnnotSV_ranking_criteria	ACMG_class
1_1_401_DUP	1	41	441	400	DUP	P2sorter	1,2	gridss243bf_3o	A	]chr16:46391105]A	132.14	"LOW_QUAL;SINGLE_ASSEMBLY"	"ANRP=0;ANRPQ=0;ANSR=0;ANSRQ=0;AS=1;ASC=1X533N1X;ASQ=0;ASRP=0;ASSR=0;BA=0;BAQ=0;BASRP=0;BASSR=0;BEID=asm243-257;BEIDH=0;BEIDL=430;BMQ=28;BMQN=23;BMQX=40;BQ=78.28;BSC=0;BSCQ=0;BUM=4;BUMQ=78.28;BVF=4;CAS=0;CASQ=0;CIPOS=-267,267;CIRPOS=-230,231;CQ=132.14;EVENT=gridss243bf_3;IC=0;IMPRECISE;IQ=0;MATEID=gridss243bf_3h;MQ=29.86;MQN=22;MQX=60;RAS=0;RASQ=0;REF=0;REFPAIR=0;RP=6;RPQ=132.14;SC=1X533N1X308M;SR=0;SRQ=0;SVTYPE=BND;VF=6"	GT:AF:ANRP:ANRPQ:ANSR:ANSRQ:ASQ:ASRP:ASSR:BAQ:BASRP:BASSR:BQ:BSC:BSCQ:BUM:BUMQ:BVF:CASQ:IC:IQ:QUAL:RASQ:REF:REFPAIR:RP:RPQ:SR:SRQ:VF	.:1:0:0:0:0:0:0:0:0:0:0:20.81:0:0:1:20.81:1:0:0:0:68.02:0:0:0:3:68.02:0:0:3	.:1:0:0:0:0:0:0:0:0:0:0:57.47:0:0:3:57.47:3:0:0:0:64.12:0:0:0:3:64.12:0:0:3	full	q11.2-p11.1	AA	7															"GPT2 (morbid/RE=EA_enhancer);ORC6 (morbid/RE=EA_enhancer)"															"dbVar:nssv15158812;dbVar:nssv15148703;dbVar:nssv15150639;nssv15151292;dbVar:nssv15158813;dbVar:nssv15158224;dbVar:nssv16216874;dbVar:nssv15133058;dbVar:nssv15126469;dbVar:nssv15150356;dbVar:nssv17649855"	"16:11452-90228224;16:19194-90207973;16:35882-90088654;16:38166-90096867;16:38166-90208287;16:5755001-34995630;16:30691913-36160463;16:31974778-90228345;16:34963122-64475151;16:46385318-61223349"	"13.08;13.09;13.11;13.11;13.09;1.40;28.76;20.26;38.72;0.04"			dbVar:nssv15141243	16:28814842-35140636	8.74												IMH	"16:15020811-70019806;16:29226964-88193867"	0.4997			"16:34948352-34956634 IMH;16:35469002-35469002 1000g;16:35985629-35995629 gnomAD-SV_v2.1_DUP_16_42114;16:36001258-36002107 CMRI:74_pbsv.INS.DUP.632_duplicate1;16:36094469-36094581 CMRI:1_pbsv.INS.DUP.548_duplicate1;16:36198745-36200849 IMH;16:34618138-34625493 IMH;16:36002429-36030629 gnomAD-SV_v2.1_DUP_16_42116;16:46382635-46394732 CMRI:6_pbsv.SPLIT.DUP.960;16:35025435-35571488 nsv516385;16:35207425-35550220 dgv2962n100;16:35222154-35502484 DDD:47173;16:35222715-35478028 esv3638500;16:35236334-35522700 esv2421698;16:35242410-35512699 DDD:47179;16:35338424-35426794 gnomAD-SV_v2.1_DUP_16_42081;16:36044629-36051430 gnomAD-SV_v2.1_DUP_16_42117;16:46382724-46400957 CMRI:1_pbsv.SPLIT.DUP.549;16:34962981-36048855 dgv51e203;"	"16:34939704-34945629 gnomAD-SV_v2.1_DUP_16_42071;16:35360629-35372379 gnomAD-SV_v2.1_DUP_16_42082;16:35984330-35989671 gnomAD-SV_v2.1_DUP_16_42113;16:36002429-36009029 gnomAD-SV_v2.1_DUP_16_42115;16:36010912-36011077 CMRI:2_pbsv.INS.DUP.817_duplicate1;16:36198620-36201451 IMH;16:34613084-34619736 IMH;16:35786284-35829832 1000g;16:46382553-46391873 CMRI:12_pbsv.SPLIT.DUP.717;16:46382711-46388912 CMRI:7_pbsv.SPLIT.DUP.777;16:35176199-35562160 dgv117e55;16:35210713-35539909 dgv824e212;16:35222715-35478028 1000g;16:35230629-35522629 gnomAD-SV_v2.1_DUP_16_42078;16:35237481-35496820 nsv514804;16:35332775-35421860 DDD:47183;16:35737477-35914510 dgv515e214;16:46382585-46401476 CMRI:6_pbsv.SPLIT.DUP.959;16:34632767-36224317 TS40:ISCA-37469;16:34967718-35913137 TS40:ISCA-37481"			"16:34613287-34613942 IMH;16:34694472-34694525 CMRI:47_pbsv.DEL.831_duplicate7;16:34711386-34712723 CMRI:80_pbsv.DEL.783_duplicate9;16:34802981-34803142 CMRI:119_pbsv.DEL.868_duplicate9;16:34913012-34913062 CMRI:0_pbsv.DEL.581_duplicate5;16:34956138-34956312 1000g;16:34959419-34960607 esv2670655;16:34957899-34958374 IMH;16:34951460-34951727 CMRI:3_pbsv.DEL.859_duplicate9;16:34956138-34956312 CMRI:3_pbsv.DEL.861_duplicate5;16:35007643-35009100 1000g;16:35062515-35064779 DDD:47165;16:35102447-35102991 1000g;16:35102445-35102985 IMH;16:35305322-35305951 DDD:47181;16:35334013-35334322 CMRI:3_pbsv.DEL.864_duplicate7;16:35690842-35693257 DDD:47195;16:35728743-35729750 DDD:47196;16:35950095-35951578 DDD:47205;16:35960984-35961836 esv3638525;16:35989272-35989816 gnomAD-SV_v2.1_DEL_16_154045..."	"16:34588580-34588786 CMRI:12_pbsv.DEL.700_duplicate4;16:34623173-34623240 CMRI:53_pbsv.DEL.839_duplicate8;16:34709794-34709894 CMRI:3_pbsv.DEL.848_duplicate5;16:34726472-34727686 IMH;16:34897116-34897239 CMRI:29_pbsv.DEL.1075_duplicate8;16:34951166-34951217 1000g;16:34957754-34958556 1000g;16:34957772-34958545 IMH;16:34951166-34951217 CMRI:129_pbsv.DEL.724_duplicate7;16:34956108-34956159 CMRI:47_pbsv.DEL.845_duplicate11;16:34957754-34958556 CMRI:36_pbsv.DEL.840_duplicate11;16:35054659-35054730 gnomAD-SV_v2.1_DEL_16_153927;16:35102444-35103125 gnomAD-SV_v2.1_DEL_16_153932;16:35102447-35102991 esv3638494;16:35221309-35223289 DDD:47172;16:35333767-35334322 gnomAD-SV_v2.1_DEL_16_153949;16:35690811-35693218 1000g;16:35690842-35693257 CMRI:36_pbsv.DEL.844_duplicate6;16:35752961-35754219 DDD:47197;16:35960984-35961836 1000g;16:35961012-35961828 gnomAD-SV_v2.1_DEL_16_154039..."			0.330	0.325									16:34272001-34633100	High Signal Region	16:36225201-46423000	High Signal Region																						0.0	"1A (cf Gene_count, RE_gene, +0.00);2B (cf po_P_gain_source, TS, OMIM_morbid+0.00);2G (cf po_B_gain_someG_source, +0.00)3A (7 genes, +0.00);5F (+0.00)"	3
2_200_600_DUP	2	240	640	400	DUP	P2sorter	1,2	gridss243bf_3o	A	]chr16:46391105]A	132.14	"LOW_QUAL;SINGLE_ASSEMBLY"	"ANRP=0;ANRPQ=0;ANSR=0;ANSRQ=0;AS=1;ASC=1X533N1X;ASQ=0;ASRP=0;ASSR=0;BA=0;BAQ=0;BASRP=0;BASSR=0;BEID=asm243-257;BEIDH=0;BEIDL=430;BMQ=28;BMQN=23;BMQX=40;BQ=78.28;BSC=0;BSCQ=0;BUM=4;BUMQ=78.28;BVF=4;CAS=0;CASQ=0;CIPOS=-267,267;CIRPOS=-230,231;CQ=132.14;EVENT=gridss243bf_3;IC=0;IMPRECISE;IQ=0;MATEID=gridss243bf_3h;MQ=29.86;MQN=22;MQX=60;RAS=0;RASQ=0;REF=0;REFPAIR=0;RP=6;RPQ=132.14;SC=1X533N1X308M;SR=0;SRQ=0;SVTYPE=BND;VF=6"	GT:AF:ANRP:ANRPQ:ANSR:ANSRQ:ASQ:ASRP:ASSR:BAQ:BASRP:BASSR:BQ:BSC:BSCQ:BUM:BUMQ:BVF:CASQ:IC:IQ:QUAL:RASQ:REF:REFPAIR:RP:RPQ:SR:SRQ:VF	.:1:0:0:0:0:0:0:0:0:0:0:20.81:0:0:1:20.81:1:0:0:0:68.02:0:0:0:3:68.02:0:0:3	.:1:0:0:0:0:0:0:0:0:0:0:57.47:0:0:3:57.47:3:0:0:0:64.12:0:0:0:3:64.12:0:0:3	split	p11.2	AB		NR_158158	35030348	35060328	29980	0	0	no	11	txStart-txEnd	UTR			35030348	35060328																										"TS40:ISCA-37469;TS40:ISCA-37481;dgv51e203;nsv516385"	"16:35025435-35571488;16:34632767-36224317;16:34962981-36048855;16:34967718-35913137"	0.0600	"HI40:ISCA-37469;HI40:ISCA-37481"	"16:34632767-36224317;16:34967718-35913137"					IMH	"16:34257604-36336778;16:34258346-36336908;16:34899912-46414061;16:34947363-46413545;16:15020811-70019806;16:29226964-88193867"	0.4997																																																full=3
3_300_700_DUP	3	340	740	400	DUP	P2sorter	1,2	gridss243bf_3o	A	]chr16:46391105]A	132.14	"LOW_QUAL;SINGLE_ASSEMBLY"	"ANRP=0;ANRPQ=0;ANSR=0;ANSRQ=0;AS=1;ASC=1X533N1X;ASQ=0;ASRP=0;ASSR=0;BA=0;BAQ=0;BASRP=0;BASSR=0;BEID=asm243-257;BEIDH=0;BEIDL=430;BMQ=28;BMQN=23;BMQX=40;BQ=78.28;BSC=0;BSCQ=0;BUM=4;BUMQ=78.28;BVF=4;CAS=0;CASQ=0;CIPOS=-267,267;CIRPOS=-230,231;CQ=132.14;EVENT=gridss243bf_3;IC=0;IMPRECISE;IQ=0;MATEID=gridss243bf_3h;MQ=29.86;MQN=22;MQX=60;RAS=0;RASQ=0;REF=0;REFPAIR=0;RP=6;RPQ=132.14;SC=1X533N1X308M;SR=0;SRQ=0;SVTYPE=BND;VF=6"	GT:AF:ANRP:ANRPQ:ANSR:ANSRQ:ASQ:ASRP:ASSR:BAQ:BASRP:BASSR:BQ:BSC:BSCQ:BUM:BUMQ:BVF:CASQ:IC:IQ:QUAL:RASQ:REF:REFPAIR:RP:RPQ:SR:SRQ:VF	.:1:0:0:0:0:0:0:0:0:0:0:20.81:0:0:1:20.81:1:0:0:0:68.02:0:0:0:3:68.02:0:0:3	.:1:0:0:0:0:0:0:0:0:0:0:57.47:0:0:3:57.47:3:0:0:0:64.12:0:0:0:3:64.12:0:0:3	split	p11.1	AC		NR_026980	35477413	35480596	3183	0	0	no	3	txStart-txEnd	UTR			35477413	35480596																										"DDD:47173;DDD:47179;TS40:ISCA-37469;TS40:ISCA-37481;dgv117e55;dgv2962n100;dgv51e203;dgv824e212;esv2421698;gnomAD-SV_v2.1_DUP_16_42078;nsv514804;nsv516385"	"16:35025435-35571488;16:35176199-35562160;16:35207425-35550220;16:35210713-35539909;16:35222154-35502484;16:35230629-35522629;16:35236334-35522700;16:35237481-35496820;16:35242410-35512699;16:34632767-36224317;16:34962981-36048855;16:34967718-35913137"	0.1875	"HI40:ISCA-37469;HI40:ISCA-37481"	"16:34632767-36224317;16:34967718-35913137"					IMH	"16:34257604-36336778;16:34258346-36336908;16:34899912-46414061;16:34947363-46413545;16:15020811-70019806;16:29226964-88193867"	0.4997																																																full=3
4_400_800_DUP	4	440	840	400	DUP	P2sorter	1,2	gridss243bf_3o	A	]chr16:46391105]A	132.14	"LOW_QUAL;SINGLE_ASSEMBLY"	"ANRP=0;ANRPQ=0;ANSR=0;ANSRQ=0;AS=1;ASC=1X533N1X;ASQ=0;ASRP=0;ASSR=0;BA=0;BAQ=0;BASRP=0;BASSR=0;BEID=asm243-257;BEIDH=0;BEIDL=430;BMQ=28;BMQN=23;BMQX=40;BQ=78.28;BSC=0;BSCQ=0;BUM=4;BUMQ=78.28;BVF=4;CAS=0;CASQ=0;CIPOS=-267,267;CIRPOS=-230,231;CQ=132.14;EVENT=gridss243bf_3;IC=0;IMPRECISE;IQ=0;MATEID=gridss243bf_3h;MQ=29.86;MQN=22;MQX=60;RAS=0;RASQ=0;REF=0;REFPAIR=0;RP=6;RPQ=132.14;SC=1X533N1X308M;SR=0;SRQ=0;SVTYPE=BND;VF=6"	GT:AF:ANRP:ANRPQ:ANSR:ANSRQ:ASQ:ASRP:ASSR:BAQ:BASRP:BASSR:BQ:BSC:BSCQ:BUM:BUMQ:BVF:CASQ:IC:IQ:QUAL:RASQ:REF:REFPAIR:RP:RPQ:SR:SRQ:VF	.:1:0:0:0:0:0:0:0:0:0:0:20.81:0:0:1:20.81:1:0:0:0:68.02:0:0:0:3:68.02:0:0:3	.:1:0:0:0:0:0:0:0:0:0:0:57.47:0:0:3:57.47:3:0:0:0:64.12:0:0:0:3:64.12:0:0:3	split	p11.1	AD		NR_027080	35363415	35391713	28298	0	0	no	7	txStart-txEnd	UTR			35363415	35391713																										"1000g;DDD:47173;DDD:47179;DDD:47183;TS40:ISCA-37469;TS40:ISCA-37481;dgv117e55;dgv2962n100;dgv51e203;dgv824e212;esv2421698;esv3638500;gnomAD-SV_v2.1_DUP_16_42078;gnomAD-SV_v2.1_DUP_16_42081;nsv514804;nsv516385"	"16:35025435-35571488;16:35176199-35562160;16:35207425-35550220;16:35210713-35539909;16:35222154-35502484;16:35222715-35478028;16:35222715-35478028;16:35230629-35522629;16:35236334-35522700;16:35237481-35496820;16:35242410-35512699;16:35332775-35421860;16:35338424-35426794;16:34632767-36224317;16:34962981-36048855;16:34967718-35913137"	0.1875	"HI40:ISCA-37469;HI40:ISCA-37481"	"16:34632767-36224317;16:34967718-35913137"					IMH	"16:34257604-36336778;16:34258346-36336908;16:34899912-46414061;16:34947363-46413545;16:15020811-70019806;16:29226964-88193867"	0.4997																																																full=3
5_500_900_DUP	5	540	940	400	DUP	P2sorter	1,2	gridss243bf_3o	A	]chr16:46391105]A	132.14	"LOW_QUAL;SINGLE_ASSEMBLY"	"ANRP=0;ANRPQ=0;ANSR=0;ANSRQ=0;AS=1;ASC=1X533N1X;ASQ=0;ASRP=0;ASSR=0;BA=0;BAQ=0;BASRP=0;BASSR=0;BEID=asm243-257;BEIDH=0;BEIDL=430;BMQ=28;BMQN=23;BMQX=40;BQ=78.28;BSC=0;BSCQ=0;BUM=4;BUMQ=78.28;BVF=4;CAS=0;CASQ=0;CIPOS=-267,267;CIRPOS=-230,231;CQ=132.14;EVENT=gridss243bf_3;IC=0;IMPRECISE;IQ=0;MATEID=gridss243bf_3h;MQ=29.86;MQN=22;MQX=60;RAS=0;RASQ=0;REF=0;REFPAIR=0;RP=6;RPQ=132.14;SC=1X533N1X308M;SR=0;SRQ=0;SVTYPE=BND;VF=6"	GT:AF:ANRP:ANRPQ:ANSR:ANSRQ:ASQ:ASRP:ASSR:BAQ:BASRP:BASSR:BQ:BSC:BSCQ:BUM:BUMQ:BVF:CASQ:IC:IQ:QUAL:RASQ:REF:REFPAIR:RP:RPQ:SR:SRQ:VF	.:1:0:0:0:0:0:0:0:0:0:0:20.81:0:0:1:20.81:1:0:0:0:68.02:0:0:0:3:68.02:0:0:3	.:1:0:0:0:0:0:0:0:0:0:0:57.47:0:0:3:57.47:3:0:0:0:64.12:0:0:0:3:64.12:0:0:3	split	p11.1	AE		NR_033985	35746551	35756624	10073	0	0	no	3	txStart-txEnd	UTR			35746551	35756624																										"TS40:ISCA-37469;TS40:ISCA-37481;dgv515e214;dgv51e203"	"16:35737477-35914510;16:34632767-36224317;16:34962981-36048855;16:34967718-35913137"	0.5000	"HI40:ISCA-37469;HI40:ISCA-37481"	"16:34632767-36224317;16:34967718-35913137"					IMH	"16:34257604-36336778;16:34258346-36336908;16:34899912-46414061;16:34947363-46413545;16:15020811-70019806;16:29226964-88193867"	0.4997																																																full=3
6_600_1000_DUP	6	640	1040	400	DUP	P2sorter	1,2	gridss243bf_3o	A	]chr16:46391105]A	132.14	"LOW_QUAL;SINGLE_ASSEMBLY"	"ANRP=0;ANRPQ=0;ANSR=0;ANSRQ=0;AS=1;ASC=1X533N1X;ASQ=0;ASRP=0;ASSR=0;BA=0;BAQ=0;BASRP=0;BASSR=0;BEID=asm243-257;BEIDH=0;BEIDL=430;BMQ=28;BMQN=23;BMQX=40;BQ=78.28;BSC=0;BSCQ=0;BUM=4;BUMQ=78.28;BVF=4;CAS=0;CASQ=0;CIPOS=-267,267;CIRPOS=-230,231;CQ=132.14;EVENT=gridss243bf_3;IC=0;IMPRECISE;IQ=0;MATEID=gridss243bf_3h;MQ=29.86;MQN=22;MQX=60;RAS=0;RASQ=0;REF=0;REFPAIR=0;RP=6;RPQ=132.14;SC=1X533N1X308M;SR=0;SRQ=0;SVTYPE=BND;VF=6"	GT:AF:ANRP:ANRPQ:ANSR:ANSRQ:ASQ:ASRP:ASSR:BAQ:BASRP:BASSR:BQ:BSC:BSCQ:BUM:BUMQ:BVF:CASQ:IC:IQ:QUAL:RASQ:REF:REFPAIR:RP:RPQ:SR:SRQ:VF	.:1:0:0:0:0:0:0:0:0:0:0:20.81:0:0:1:20.81:1:0:0:0:68.02:0:0:0:3:68.02:0:0:3	.:1:0:0:0:0:0:0:0:0:0:0:57.47:0:0:3:57.47:3:0:0:0:64.12:0:0:0:3:64.12:0:0:3	split	p11.2	AF		NR_157261	35195758	35197548	1790	0	0	no	1	txStart-txEnd	UTR			35195758	35197548																										"TS40:ISCA-37469;TS40:ISCA-37481;dgv117e55;dgv51e203;nsv516385"	"16:35025435-35571488;16:35176199-35562160;16:34632767-36224317;16:34962981-36048855;16:34967718-35913137"	0.0900	"HI40:ISCA-37469;HI40:ISCA-37481"	"16:34632767-36224317;16:34967718-35913137"					"CMRI:6_pbsv.INV.947;IMH"	"16:35162169-35229753;16:34257604-36336778;16:34258346-36336908;16:34899912-46414061;16:34947363-46413545;16:15020811-70019806;16:29226964-88193867"	0.4997																																																full=3
7_700_1100_DUP	7	740	1140	400	DUP	P2sorter	1,2	gridss243bf_3o	A	]chr16:46391105]A	132.14	"LOW_QUAL;SINGLE_ASSEMBLY"	"ANRP=0;ANRPQ=0;ANSR=0;ANSRQ=0;AS=1;ASC=1X533N1X;ASQ=0;ASRP=0;ASSR=0;BA=0;BAQ=0;BASRP=0;BASSR=0;BEID=asm243-257;BEIDH=0;BEIDL=430;BMQ=28;BMQN=23;BMQX=40;BQ=78.28;BSC=0;BSCQ=0;BUM=4;BUMQ=78.28;BVF=4;CAS=0;CASQ=0;CIPOS=-267,267;CIRPOS=-230,231;CQ=132.14;EVENT=gridss243bf_3;IC=0;IMPRECISE;IQ=0;MATEID=gridss243bf_3h;MQ=29.86;MQN=22;MQX=60;RAS=0;RASQ=0;REF=0;REFPAIR=0;RP=6;RPQ=132.14;SC=1X533N1X308M;SR=0;SRQ=0;SVTYPE=BND;VF=6"	GT:AF:ANRP:ANRPQ:ANSR:ANSRQ:ASQ:ASRP:ASSR:BAQ:BASRP:BASSR:BQ:BSC:BSCQ:BUM:BUMQ:BVF:CASQ:IC:IQ:QUAL:RASQ:REF:REFPAIR:RP:RPQ:SR:SRQ:VF	.:1:0:0:0:0:0:0:0:0:0:0:20.81:0:0:1:20.81:1:0:0:0:68.02:0:0:0:3:68.02:0:0:3	.:1:0:0:0:0:0:0:0:0:0:0:57.47:0:0:3:57.47:3:0:0:0:64.12:0:0:0:3:64.12:0:0:3	split	p11.1	AG		NR_034018	35505087	35507170	2083	0	0	no	3	txStart-txEnd	UTR			35505087	35507170																										"DDD:47179;TS40:ISCA-37469;TS40:ISCA-37481;dgv117e55;dgv2962n100;dgv51e203;dgv824e212;esv2421698;gnomAD-SV_v2.1_DUP_16_42078;nsv516385"	"16:35025435-35571488;16:35176199-35562160;16:35207425-35550220;16:35210713-35539909;16:35230629-35522629;16:35236334-35522700;16:35242410-35512699;16:34632767-36224317;16:34962981-36048855;16:34967718-35913137"	0.1875	"HI40:ISCA-37469;HI40:ISCA-37481"	"16:34632767-36224317;16:34967718-35913137"					IMH	"16:34257604-36336778;16:34258346-36336908;16:34899912-46414061;16:34947363-46413545;16:15020811-70019806;16:29226964-88193867"	0.4997																																																full=3
8_800_1200_DUP	8	840	1240	400	DUP	P2sorter	1,2	gridss243bf_3o	A	]chr16:46391105]A	132.14	"LOW_QUAL;SINGLE_ASSEMBLY"	"ANRP=0;ANRPQ=0;ANSR=0;ANSRQ=0;AS=1;ASC=1X533N1X;ASQ=0;ASRP=0;ASSR=0;BA=0;BAQ=0;BASRP=0;BASSR=0;BEID=asm243-257;BEIDH=0;BEIDL=430;BMQ=28;BMQN=23;BMQX=40;BQ=78.28;BSC=0;BSCQ=0;BUM=4;BUMQ=78.28;BVF=4;CAS=0;CASQ=0;CIPOS=-267,267;CIRPOS=-230,231;CQ=132.14;EVENT=gridss243bf_3;IC=0;IMPRECISE;IQ=0;MATEID=gridss243bf_3h;MQ=29.86;MQN=22;MQX=60;RAS=0;RASQ=0;REF=0;REFPAIR=0;RP=6;RPQ=132.14;SC=1X533N1X308M;SR=0;SRQ=0;SVTYPE=BND;VF=6"	GT:AF:ANRP:ANRPQ:ANSR:ANSRQ:ASQ:ASRP:ASSR:BAQ:BASRP:BASSR:BQ:BSC:BSCQ:BUM:BUMQ:BVF:CASQ:IC:IQ:QUAL:RASQ:REF:REFPAIR:RP:RPQ:SR:SRQ:VF	.:1:0:0:0:0:0:0:0:0:0:0:20.81:0:0:1:20.81:1:0:0:0:68.02:0:0:0:3:68.02:0:0:3	.:1:0:0:0:0:0:0:0:0:0:0:57.47:0:0:3:57.47:3:0:0:0:64.12:0:0:0:3:64.12:0:0:3	split	p11.2	AH		NR_002837	35169430	35170391	961	0	0	no	1	txStart-txEnd	UTR			35169430	35170391																										"TS40:ISCA-37469;TS40:ISCA-37481;dgv51e203;nsv516385"	"16:35025435-35571488;16:34632767-36224317;16:34962981-36048855;16:34967718-35913137"	0.0600	"HI40:ISCA-37469;HI40:ISCA-37481"	"16:34632767-36224317;16:34967718-35913137"					"CMRI:6_pbsv.INV.947;IMH"	"16:35162169-35229753;16:34257604-36336778;16:34258346-36336908;16:34899912-46414061;16:34947363-46413545;16:15020811-70019806;16:29226964-88193867"	0.4997																																																full=3
9_900_1300_DUP	9	940	1340	400	DUP	P2sorter	1,2	gridss243bf_3h	N	<DUP>	132.14	"LOW_QUAL;SINGLE_ASSEMBLY"	"ANRP=6;ANRPQ=132.14;ANSR=0;ANSRQ=0;AS=0;ASC=427M45D1X460N1X;ASQ=0;ASRP=0;ASSR=0;BA=0;BAQ=0;BASRP=0;BASSR=0;BEID=asm243-257;BEIDH=430;BEIDL=0;BMQ=29.76;BMQN=21;BMQX=42;BQ=720.34;BSC=0;BSCQ=0;BUM=37;BUMQ=720.34;BVF=37;CAS=0;CASQ=0;CIPOS=;CIRPOS=-267,267;CQ=132.14;EVENT=gridss243bf_3;IC=0;IMPRECISE;IQ=0;MATEID=gridss243bf_3o;MQ=29.86;MQN=22;MQX=60;RAS=1;RASQ=0;REF=94;REFPAIR=17;RP=6;RPQ=132.14;SC=472M1X460N1X;SR=0;SRQ=0;SVTYPE=BND;VF=6;BNDrescue"	GT:AF:ANRP:ANRPQ:ANSR:ANSRQ:ASQ:ASRP:ASSR:BAQ:BASRP:BASSR:BQ:BSC:BSCQ:BUM:BUMQ:BVF:CASQ:IC:IQ:QUAL:RASQ:REF:REFPAIR:RP:RPQ:SR:SRQ:VF	.:0.075:3:68.02:0:0:0:0:0:0:0:0:145.65:0:0:7:145.65:7:0:0:0:68.02:0:33:4:3:68.02:0:0:3	.:0.039:3:64.12:0:0:0:0:0:0:0:0:574.69:0:0:30:574.69:30:0:0:0:64.12:0:61:13:3:64.12:0:0:3	full	q11.2-p11.1	AI	7															"GPT2 (morbid/RE=EA_enhancer);ORC6 (morbid/RE=EA_enhancer)"															"dbVar:nssv15158812;dbVar:nssv15148703;dbVar:nssv15150639;nssv15151292;dbVar:nssv15158813;dbVar:nssv15158224;dbVar:nssv16216874;dbVar:nssv15133058;dbVar:nssv15126469;dbVar:nssv15150356;dbVar:nssv17649855"	"16:11452-90228224;16:19194-90207973;16:35882-90088654;16:38166-90096867;16:38166-90208287;16:5755001-34995630;16:30691913-36160463;16:31974778-90228345;16:34963122-64475151;16:46385318-61223349"	"13.08;13.09;13.11;13.11;13.09;1.39;28.76;20.26;38.72;0.04"			dbVar:nssv15141243	16:28814842-35140636	8.74												IMH	"16:15020811-70019806;16:29226964-88193867"	0.4997			"16:34948352-34956634 IMH;16:35469002-35469002 1000g;16:35985629-35995629 gnomAD-SV_v2.1_DUP_16_42114;16:36001258-36002107 CMRI:74_pbsv.INS.DUP.632_duplicate1;16:36094469-36094581 CMRI:1_pbsv.INS.DUP.548_duplicate1;16:36198745-36200849 IMH;16:34618138-34625493 IMH;16:36002429-36030629 gnomAD-SV_v2.1_DUP_16_42116;16:46382635-46394732 CMRI:6_pbsv.SPLIT.DUP.960;16:35025435-35571488 nsv516385;16:35207425-35550220 dgv2962n100;16:35222154-35502484 DDD:47173;16:35222715-35478028 esv3638500;16:35236334-35522700 esv2421698;16:35242410-35512699 DDD:47179;16:35338424-35426794 gnomAD-SV_v2.1_DUP_16_42081;16:36044629-36051430 gnomAD-SV_v2.1_DUP_16_42117;16:46382724-46400957 CMRI:1_pbsv.SPLIT.DUP.549;16:34962981-36048855 dgv51e203;"	"16:34939704-34945629 gnomAD-SV_v2.1_DUP_16_42071;16:35360629-35372379 gnomAD-SV_v2.1_DUP_16_42082;16:35984330-35989671 gnomAD-SV_v2.1_DUP_16_42113;16:36002429-36009029 gnomAD-SV_v2.1_DUP_16_42115;16:36010912-36011077 CMRI:2_pbsv.INS.DUP.817_duplicate1;16:36198620-36201451 IMH;16:34613084-34619736 IMH;16:35786284-35829832 1000g;16:46382553-46391873 CMRI:12_pbsv.SPLIT.DUP.717;16:46382711-46388912 CMRI:7_pbsv.SPLIT.DUP.777;16:35176199-35562160 dgv117e55;16:35210713-35539909 dgv824e212;16:35222715-35478028 1000g;16:35230629-35522629 gnomAD-SV_v2.1_DUP_16_42078;16:35237481-35496820 nsv514804;16:35332775-35421860 DDD:47183;16:35737477-35914510 dgv515e214;16:46382585-46401476 CMRI:6_pbsv.SPLIT.DUP.959;16:34632767-36224317 TS40:ISCA-37469;16:34967718-35913137 TS40:ISCA-37481"			"16:34613287-34613942 IMH;16:34694472-34694525 CMRI:47_pbsv.DEL.831_duplicate7;16:34711386-34712723 CMRI:80_pbsv.DEL.783_duplicate9;16:34802981-34803142 CMRI:119_pbsv.DEL.868_duplicate9;16:34913012-34913062 CMRI:0_pbsv.DEL.581_duplicate5;16:34956138-34956312 1000g;16:34959419-34960607 esv2670655;16:34957899-34958374 IMH;16:34951460-34951727 CMRI:3_pbsv.DEL.859_duplicate9;16:34956138-34956312 CMRI:3_pbsv.DEL.861_duplicate5;16:35007643-35009100 1000g;16:35062515-35064779 DDD:47165;16:35102447-35102991 1000g;16:35102445-35102985 IMH;16:35305322-35305951 DDD:47181;16:35334013-35334322 CMRI:3_pbsv.DEL.864_duplicate7;16:35690842-35693257 DDD:47195;16:35728743-35729750 DDD:47196;16:35950095-35951578 DDD:47205;16:35960984-35961836 esv3638525;16:35989272-35989816 gnomAD-SV_v2.1_DEL_16_154045..."	"16:34588580-34588786 CMRI:12_pbsv.DEL.700_duplicate4;16:34623173-34623240 CMRI:53_pbsv.DEL.839_duplicate8;16:34709794-34709894 CMRI:3_pbsv.DEL.848_duplicate5;16:34726472-34727686 IMH;16:34897116-34897239 CMRI:29_pbsv.DEL.1075_duplicate8;16:34951166-34951217 1000g;16:34957754-34958556 1000g;16:34957772-34958545 IMH;16:34951166-34951217 CMRI:129_pbsv.DEL.724_duplicate7;16:34956108-34956159 CMRI:47_pbsv.DEL.845_duplicate11;16:34957754-34958556 CMRI:36_pbsv.DEL.840_duplicate11;16:35054659-35054730 gnomAD-SV_v2.1_DEL_16_153927;16:35102444-35103125 gnomAD-SV_v2.1_DEL_16_153932;16:35102447-35102991 esv3638494;16:35221309-35223289 DDD:47172;16:35333767-35334322 gnomAD-SV_v2.1_DEL_16_153949;16:35690811-35693218 1000g;16:35690842-35693257 CMRI:36_pbsv.DEL.844_duplicate6;16:35752961-35754219 DDD:47197;16:35960984-35961836 1000g;16:35961012-35961828 gnomAD-SV_v2.1_DEL_16_154039..."			0.350	0.365									16:34272001-34633100	High Signal Region	16:36225201-46423000	High Signal Region																						0.0	"1A (cf Gene_count, RE_gene, +0.00);2B (cf po_P_gain_source, TS, OMIM_morbid+0.00);2G (cf po_B_gain_someG_source, +0.00)3A (7 genes, +0.00);5F (+0.00)"	3
10_1000_1400_DUP	10	1040	1440	400	DUP	P2sorter	1,2	gridss243bf_3h	N	<DUP>	132.14	"LOW_QUAL;SINGLE_ASSEMBLY"	"ANRP=6;ANRPQ=132.14;ANSR=0;ANSRQ=0;AS=0;ASC=427M45D1X460N1X;ASQ=0;ASRP=0;ASSR=0;BA=0;BAQ=0;BASRP=0;BASSR=0;BEID=asm243-257;BEIDH=430;BEIDL=0;BMQ=29.76;BMQN=21;BMQX=42;BQ=720.34;BSC=0;BSCQ=0;BUM=37;BUMQ=720.34;BVF=37;CAS=0;CASQ=0;CIPOS=;CIRPOS=-267,267;CQ=132.14;EVENT=gridss243bf_3;IC=0;IMPRECISE;IQ=0;MATEID=gridss243bf_3o;MQ=29.86;MQN=22;MQX=60;RAS=1;RASQ=0;REF=94;REFPAIR=17;RP=6;RPQ=132.14;SC=472M1X460N1X;SR=0;SRQ=0;SVTYPE=BND;VF=6;BNDrescue"	GT:AF:ANRP:ANRPQ:ANSR:ANSRQ:ASQ:ASRP:ASSR:BAQ:BASRP:BASSR:BQ:BSC:BSCQ:BUM:BUMQ:BVF:CASQ:IC:IQ:QUAL:RASQ:REF:REFPAIR:RP:RPQ:SR:SRQ:VF	.:0.075:3:68.02:0:0:0:0:0:0:0:0:145.65:0:0:7:145.65:7:0:0:0:68.02:0:33:4:3:68.02:0:0:3	.:0.039:3:64.12:0:0:0:0:0:0:0:0:574.69:0:0:30:574.69:30:0:0:0:64.12:0:61:13:3:64.12:0:0:3	split	p11.2	AJ		NR_158158	35030348	35060328	29980	0	0	no	11	txStart-txEnd	UTR			35030348	35060328																										"TS40:ISCA-37469;TS40:ISCA-37481;dgv51e203;nsv516385"	"16:35025435-35571488;16:34632767-36224317;16:34962981-36048855;16:34967718-35913137"	0.0600	"HI40:ISCA-37469;HI40:ISCA-37481"	"16:34632767-36224317;16:34967718-35913137"					IMH	"16:34257604-36336778;16:34258346-36336908;16:34899912-46414061;16:34947363-46413545;16:15020811-70019806;16:29226964-88193867"	0.4997																																																full=3
11_1100_1500_DUP	11	1140	1540	400	DUP	P2sorter	1,2	gridss243bf_3h	N	<DUP>	132.14	"LOW_QUAL;SINGLE_ASSEMBLY"	"ANRP=6;ANRPQ=132.14;ANSR=0;ANSRQ=0;AS=0;ASC=427M45D1X460N1X;ASQ=0;ASRP=0;ASSR=0;BA=0;BAQ=0;BASRP=0;BASSR=0;BEID=asm243-257;BEIDH=430;BEIDL=0;BMQ=29.76;BMQN=21;BMQX=42;BQ=720.34;BSC=0;BSCQ=0;BUM=37;BUMQ=720.34;BVF=37;CAS=0;CASQ=0;CIPOS=;CIRPOS=-267,267;CQ=132.14;EVENT=gridss243bf_3;IC=0;IMPRECISE;IQ=0;MATEID=gridss243bf_3o;MQ=29.86;MQN=22;MQX=60;RAS=1;RASQ=0;REF=94;REFPAIR=17;RP=6;RPQ=132.14;SC=472M1X460N1X;SR=0;SRQ=0;SVTYPE=BND;VF=6;BNDrescue"	GT:AF:ANRP:ANRPQ:ANSR:ANSRQ:ASQ:ASRP:ASSR:BAQ:BASRP:BASSR:BQ:BSC:BSCQ:BUM:BUMQ:BVF:CASQ:IC:IQ:QUAL:RASQ:REF:REFPAIR:RP:RPQ:SR:SRQ:VF	.:0.075:3:68.02:0:0:0:0:0:0:0:0:145.65:0:0:7:145.65:7:0:0:0:68.02:0:33:4:3:68.02:0:0:3	.:0.039:3:64.12:0:0:0:0:0:0:0:0:574.69:0:0:30:574.69:30:0:0:0:64.12:0:61:13:3:64.12:0:0:3	split	p11.1	AK		NR_026980	35477413	35480596	3183	0	0	no	3	txStart-txEnd	UTR			35477413	35480596																										"DDD:47173;DDD:47179;TS40:ISCA-37469;TS40:ISCA-37481;dgv117e55;dgv2962n100;dgv51e203;dgv824e212;esv2421698;gnomAD-SV_v2.1_DUP_16_42078;nsv514804;nsv516385"	"16:35025435-35571488;16:35176199-35562160;16:35207425-35550220;16:35210713-35539909;16:35222154-35502484;16:35230629-35522629;16:35236334-35522700;16:35237481-35496820;16:35242410-35512699;16:34632767-36224317;16:34962981-36048855;16:34967718-35913137"	0.1875	"HI40:ISCA-37469;HI40:ISCA-37481"	"16:34632767-36224317;16:34967718-35913137"					IMH	"16:34257604-36336778;16:34258346-36336908;16:34899912-46414061;16:34947363-46413545;16:15020811-70019806;16:29226964-88193867"	0.4997																																																full=3
12_1200_1600_DUP	12	1240	1640	400	DUP	P2sorter	1,2	gridss243bf_3h	N	<DUP>	132.14	"LOW_QUAL;SINGLE_ASSEMBLY"	"ANRP=6;ANRPQ=132.14;ANSR=0;ANSRQ=0;AS=0;ASC=427M45D1X460N1X;ASQ=0;ASRP=0;ASSR=0;BA=0;BAQ=0;BASRP=0;BASSR=0;BEID=asm243-257;BEIDH=430;BEIDL=0;BMQ=29.76;BMQN=21;BMQX=42;BQ=720.34;BSC=0;BSCQ=0;BUM=37;BUMQ=720.34;BVF=37;CAS=0;CASQ=0;CIPOS=;CIRPOS=-267,267;CQ=132.14;EVENT=gridss243bf_3;IC=0;IMPRECISE;IQ=0;MATEID=gridss243bf_3o;MQ=29.86;MQN=22;MQX=60;RAS=1;RASQ=0;REF=94;REFPAIR=17;RP=6;RPQ=132.14;SC=472M1X460N1X;SR=0;SRQ=0;SVTYPE=BND;VF=6;BNDrescue"	GT:AF:ANRP:ANRPQ:ANSR:ANSRQ:ASQ:ASRP:ASSR:BAQ:BASRP:BASSR:BQ:BSC:BSCQ:BUM:BUMQ:BVF:CASQ:IC:IQ:QUAL:RASQ:REF:REFPAIR:RP:RPQ:SR:SRQ:VF	.:0.075:3:68.02:0:0:0:0:0:0:0:0:145.65:0:0:7:145.65:7:0:0:0:68.02:0:33:4:3:68.02:0:0:3	.:0.039:3:64.12:0:0:0:0:0:0:0:0:574.69:0:0:30:574.69:30:0:0:0:64.12:0:61:13:3:64.12:0:0:3	split	p11.1	AL		NR_027080	35363415	35391713	28298	0	0	no	7	txStart-txEnd	UTR			35363415	35391713																										"1000g;DDD:47173;DDD:47179;DDD:47183;TS40:ISCA-37469;TS40:ISCA-37481;dgv117e55;dgv2962n100;dgv51e203;dgv824e212;esv2421698;esv3638500;gnomAD-SV_v2.1_DUP_16_42078;gnomAD-SV_v2.1_DUP_16_42081;nsv514804;nsv516385"	"16:35025435-35571488;16:35176199-35562160;16:35207425-35550220;16:35210713-35539909;16:35222154-35502484;16:35222715-35478028;16:35222715-35478028;16:35230629-35522629;16:35236334-35522700;16:35237481-35496820;16:35242410-35512699;16:35332775-35421860;16:35338424-35426794;16:34632767-36224317;16:34962981-36048855;16:34967718-35913137"	0.1875	"HI40:ISCA-37469;HI40:ISCA-37481"	"16:34632767-36224317;16:34967718-35913137"					IMH	"16:34257604-36336778;16:34258346-36336908;16:34899912-46414061;16:34947363-46413545;16:15020811-70019806;16:29226964-88193867"	0.4997																																																full=3
13_1300_1700_DUP	13	1340	1740	400	DUP	P2sorter	1,2	gridss243bf_3h	N	<DUP>	132.14	"LOW_QUAL;SINGLE_ASSEMBLY"	"ANRP=6;ANRPQ=132.14;ANSR=0;ANSRQ=0;AS=0;ASC=427M45D1X460N1X;ASQ=0;ASRP=0;ASSR=0;BA=0;BAQ=0;BASRP=0;BASSR=0;BEID=asm243-257;BEIDH=430;BEIDL=0;BMQ=29.76;BMQN=21;BMQX=42;BQ=720.34;BSC=0;BSCQ=0;BUM=37;BUMQ=720.34;BVF=37;CAS=0;CASQ=0;CIPOS=;CIRPOS=-267,267;CQ=132.14;EVENT=gridss243bf_3;IC=0;IMPRECISE;IQ=0;MATEID=gridss243bf_3o;MQ=29.86;MQN=22;MQX=60;RAS=1;RASQ=0;REF=94;REFPAIR=17;RP=6;RPQ=132.14;SC=472M1X460N1X;SR=0;SRQ=0;SVTYPE=BND;VF=6;BNDrescue"	GT:AF:ANRP:ANRPQ:ANSR:ANSRQ:ASQ:ASRP:ASSR:BAQ:BASRP:BASSR:BQ:BSC:BSCQ:BUM:BUMQ:BVF:CASQ:IC:IQ:QUAL:RASQ:REF:REFPAIR:RP:RPQ:SR:SRQ:VF	.:0.075:3:68.02:0:0:0:0:0:0:0:0:145.65:0:0:7:145.65:7:0:0:0:68.02:0:33:4:3:68.02:0:0:3	.:0.039:3:64.12:0:0:0:0:0:0:0:0:574.69:0:0:30:574.69:30:0:0:0:64.12:0:61:13:3:64.12:0:0:3	split	p11.1	AM		NR_033985	35746551	35756624	10073	0	0	no	3	txStart-txEnd	UTR			35746551	35756624																										"TS40:ISCA-37469;TS40:ISCA-37481;dgv515e214;dgv51e203"	"16:35737477-35914510;16:34632767-36224317;16:34962981-36048855;16:34967718-35913137"	0.5000	"HI40:ISCA-37469;HI40:ISCA-37481"	"16:34632767-36224317;16:34967718-35913137"					IMH	"16:34257604-36336778;16:34258346-36336908;16:34899912-46414061;16:34947363-46413545;16:15020811-70019806;16:29226964-88193867"	0.4997																																																full=3
14_1400_1800_DUP	14	1440	1840	400	DUP	P2sorter	1,2	gridss243bf_3h	N	<DUP>	132.14	"LOW_QUAL;SINGLE_ASSEMBLY"	"ANRP=6;ANRPQ=132.14;ANSR=0;ANSRQ=0;AS=0;ASC=427M45D1X460N1X;ASQ=0;ASRP=0;ASSR=0;BA=0;BAQ=0;BASRP=0;BASSR=0;BEID=asm243-257;BEIDH=430;BEIDL=0;BMQ=29.76;BMQN=21;BMQX=42;BQ=720.34;BSC=0;BSCQ=0;BUM=37;BUMQ=720.34;BVF=37;CAS=0;CASQ=0;CIPOS=;CIRPOS=-267,267;CQ=132.14;EVENT=gridss243bf_3;IC=0;IMPRECISE;IQ=0;MATEID=gridss243bf_3o;MQ=29.86;MQN=22;MQX=60;RAS=1;RASQ=0;REF=94;REFPAIR=17;RP=6;RPQ=132.14;SC=472M1X460N1X;SR=0;SRQ=0;SVTYPE=BND;VF=6;BNDrescue"	GT:AF:ANRP:ANRPQ:ANSR:ANSRQ:ASQ:ASRP:ASSR:BAQ:BASRP:BASSR:BQ:BSC:BSCQ:BUM:BUMQ:BVF:CASQ:IC:IQ:QUAL:RASQ:REF:REFPAIR:RP:RPQ:SR:SRQ:VF	.:0.075:3:68.02:0:0:0:0:0:0:0:0:145.65:0:0:7:145.65:7:0:0:0:68.02:0:33:4:3:68.02:0:0:3	.:0.039:3:64.12:0:0:0:0:0:0:0:0:574.69:0:0:30:574.69:30:0:0:0:64.12:0:61:13:3:64.12:0:0:3	split	p11.2	AN		NR_157261	35195758	35197548	1790	0	0	no	1	txStart-txEnd	UTR			35195758	35197548																										"TS40:ISCA-37469;TS40:ISCA-37481;dgv117e55;dgv51e203;nsv516385"	"16:35025435-35571488;16:35176199-35562160;16:34632767-36224317;16:34962981-36048855;16:34967718-35913137"	0.0900	"HI40:ISCA-37469;HI40:ISCA-37481"	"16:34632767-36224317;16:34967718-35913137"					"CMRI:6_pbsv.INV.947;IMH"	"16:35162169-35229753;16:34257604-36336778;16:34258346-36336908;16:34899912-46414061;16:34947363-46413545;16:15020811-70019806;16:29226964-88193867"	0.4997																																																full=3
15_1500_1900_DUP	15	1540	1940	400	DUP	P2sorter	1,2	gridss243bf_3h	N	<DUP>	132.14	"LOW_QUAL;SINGLE_ASSEMBLY"	"ANRP=6;ANRPQ=132.14;ANSR=0;ANSRQ=0;AS=0;ASC=427M45D1X460N1X;ASQ=0;ASRP=0;ASSR=0;BA=0;BAQ=0;BASRP=0;BASSR=0;BEID=asm243-257;BEIDH=430;BEIDL=0;BMQ=29.76;BMQN=21;BMQX=42;BQ=720.34;BSC=0;BSCQ=0;BUM=37;BUMQ=720.34;BVF=37;CAS=0;CASQ=0;CIPOS=;CIRPOS=-267,267;CQ=132.14;EVENT=gridss243bf_3;IC=0;IMPRECISE;IQ=0;MATEID=gridss243bf_3o;MQ=29.86;MQN=22;MQX=60;RAS=1;RASQ=0;REF=94;REFPAIR=17;RP=6;RPQ=132.14;SC=472M1X460N1X;SR=0;SRQ=0;SVTYPE=BND;VF=6;BNDrescue"	GT:AF:ANRP:ANRPQ:ANSR:ANSRQ:ASQ:ASRP:ASSR:BAQ:BASRP:BASSR:BQ:BSC:BSCQ:BUM:BUMQ:BVF:CASQ:IC:IQ:QUAL:RASQ:REF:REFPAIR:RP:RPQ:SR:SRQ:VF	.:0.075:3:68.02:0:0:0:0:0:0:0:0:145.65:0:0:7:145.65:7:0:0:0:68.02:0:33:4:3:68.02:0:0:3	.:0.039:3:64.12:0:0:0:0:0:0:0:0:574.69:0:0:30:574.69:30:0:0:0:64.12:0:61:13:3:64.12:0:0:3	split	p11.1	AÑ		NR_034018	35505087	35507170	2083	0	0	no	3	txStart-txEnd	UTR			35505087	35507170																										"DDD:47179;TS40:ISCA-37469;TS40:ISCA-37481;dgv117e55;dgv2962n100;dgv51e203;dgv824e212;esv2421698;gnomAD-SV_v2.1_DUP_16_42078;nsv516385"	"16:35025435-35571488;16:35176199-35562160;16:35207425-35550220;16:35210713-35539909;16:35230629-35522629;16:35236334-35522700;16:35242410-35512699;16:34632767-36224317;16:34962981-36048855;16:34967718-35913137"	0.1875	"HI40:ISCA-37469;HI40:ISCA-37481"	"16:34632767-36224317;16:34967718-35913137"					IMH	"16:34257604-36336778;16:34258346-36336908;16:34899912-46414061;16:34947363-46413545;16:15020811-70019806;16:29226964-88193867"	0.4997																																																full=3
16_1600_2000_DUP	16	1640	2040	400	DUP	P2sorter	1,2	gridss243bf_3h	N	<DUP>	132.14	"LOW_QUAL;SINGLE_ASSEMBLY"	"ANRP=6;ANRPQ=132.14;ANSR=0;ANSRQ=0;AS=0;ASC=427M45D1X460N1X;ASQ=0;ASRP=0;ASSR=0;BA=0;BAQ=0;BASRP=0;BASSR=0;BEID=asm243-257;BEIDH=430;BEIDL=0;BMQ=29.76;BMQN=21;BMQX=42;BQ=720.34;BSC=0;BSCQ=0;BUM=37;BUMQ=720.34;BVF=37;CAS=0;CASQ=0;CIPOS=;CIRPOS=-267,267;CQ=132.14;EVENT=gridss243bf_3;IC=0;IMPRECISE;IQ=0;MATEID=gridss243bf_3o;MQ=29.86;MQN=22;MQX=60;RAS=1;RASQ=0;REF=94;REFPAIR=17;RP=6;RPQ=132.14;SC=472M1X460N1X;SR=0;SRQ=0;SVTYPE=BND;VF=6;BNDrescue"	GT:AF:ANRP:ANRPQ:ANSR:ANSRQ:ASQ:ASRP:ASSR:BAQ:BASRP:BASSR:BQ:BSC:BSCQ:BUM:BUMQ:BVF:CASQ:IC:IQ:QUAL:RASQ:REF:REFPAIR:RP:RPQ:SR:SRQ:VF	.:0.075:3:68.02:0:0:0:0:0:0:0:0:145.65:0:0:7:145.65:7:0:0:0:68.02:0:33:4:3:68.02:0:0:3	.:0.039:3:64.12:0:0:0:0:0:0:0:0:574.69:0:0:30:574.69:30:0:0:0:64.12:0:61:13:3:64.12:0:0:3	split	p11.2	AO		NR_002837	35169430	35170391	961	0	0	no	1	txStart-txEnd	UTR			35169430	35170391																										"TS40:ISCA-37469;TS40:ISCA-37481;dgv51e203;nsv516385"	"16:35025435-35571488;16:34632767-36224317;16:34962981-36048855;16:34967718-35913137"	0.0600	"HI40:ISCA-37469;HI40:ISCA-37481"	"16:34632767-36224317;16:34967718-35913137"					"CMRI:6_pbsv.INV.947;IMH"	"16:35162169-35229753;16:34257604-36336778;16:34258346-36336908;16:34899912-46414061;16:34947363-46413545;16:15020811-70019806;16:29226964-88193867"	0.4997																																																full=3
17_1700_2100_DUP	17	1740	2140	400	DUP	P2sorter	1,2	gridss256bf_17o	G	]chr17:72122815]G	60.77	"LOW_QUAL;SINGLE_ASSEMBLY"	"ANRP=0;ANRPQ=0;ANSR=0;ANSRQ=0;AS=0;ASC=1X650N1X79M;ASQ=0;ASRP=3;ASSR=0;BA=0;BAQ=0;BASRP=0;BASSR=0;BEID=asm256-946;BEIDH=0;BEIDL=244;BMQ=29.67;BMQN=23;BMQX=42;BQ=59.12;BSC=0;BSCQ=0;BUM=3;BUMQ=59.12;BVF=3;CAS=0;CASQ=0;CIPOS=-325,326;CIRPOS=-325,326;CQ=60.77;EVENT=gridss256bf_17;IC=0;IMPRECISE;IQ=0;MATEID=gridss256bf_17h;MQ=51;MQN=42;MQX=60;RAS=1;RASQ=60.77;REF=26;REFPAIR=1;RP=0;RPQ=0;SC=1X650N1X79M;SR=0;SRQ=0;SVTYPE=BND;VF=3"	GT:AF:ANRP:ANRPQ:ANSR:ANSRQ:ASQ:ASRP:ASSR:BAQ:BASRP:BASSR:BQ:BSC:BSCQ:BUM:BUMQ:BVF:CASQ:IC:IQ:QUAL:RASQ:REF:REFPAIR:RP:RPQ:SR:SRQ:VF	.:0.143:0:0:0:0:0:2:0:0:0:0:20.81:0:0:1:20.81:1:0:0:0:41.61:41.61:12:1:0:0:0:0:2	.:0.067:0:0:0:0:0:1:0:0:0:0:38.31:0:0:2:38.31:2:0:0:0:19.16:19.16:14:0:0:0:0:0:1	full	q24.3	AP	1																														"dbVar:nssv15149908;nssv15152170;dbVar:nssv15159024;dbVar:nssv15160732;dbVar:nssv15159027;dbVar:nssv15127236;dbVar:nssv15147369;dbVar:nssv15149626;dbVar:nssv15776727;dbVar:nssv15153193;dbVar:nssv15223205;dbVar:nssv15152233;dbVar:nssv15147088;dbVar:nssv15146769"	"17:150734-83084062;17:157424-83100564;17:158757-83102004;17:162554-83100251;17:16854250-83103577;17:36449221-75053130;17:44503317-83137846;17:64782603-83084062;17:65693554-83084062;17:66163621-76894942;17:69006275-83084062;17:69209080-83086677;17:69916436-83102552"	"0.00;0.00;0.00;0.00;0.00;0.00;0.00;0.01;0.01;0.01;0.01;0.01;0.01"			dbVar:nssv15127168	17:36382249-83103577	0.00	9	Camptomelic_dysplasia																							0.735	0.655	17:72121831-72121876	(CGG)n														0.56	0.381975160267575	0.703846761105902	0.793251620299599	261.882.289.203.088	411.091.506.783.466					608160			yes		0	9,98E+03	9,84E+03	0.45	"1A (cf Gene_count, RE_gene, +0.00);2I-1 (SOX9, +0.45);2B (cf po_P_gain_source, TS, OMIM_morbid+0.00);3A (1 gene, +0.00);5F (+0.00)"	3
18_1800_2200_DUP	18	1840	2240	400	DUP	P2sorter	1,2	gridss256bf_17o	G	]chr17:72122815]G	60.77	"LOW_QUAL;SINGLE_ASSEMBLY"	"ANRP=0;ANRPQ=0;ANSR=0;ANSRQ=0;AS=0;ASC=1X650N1X79M;ASQ=0;ASRP=3;ASSR=0;BA=0;BAQ=0;BASRP=0;BASSR=0;BEID=asm256-946;BEIDH=0;BEIDL=244;BMQ=29.67;BMQN=23;BMQX=42;BQ=59.12;BSC=0;BSCQ=0;BUM=3;BUMQ=59.12;BVF=3;CAS=0;CASQ=0;CIPOS=-325,326;CIRPOS=-325,326;CQ=60.77;EVENT=gridss256bf_17;IC=0;IMPRECISE;IQ=0;MATEID=gridss256bf_17h;MQ=51;MQN=42;MQX=60;RAS=1;RASQ=60.77;REF=26;REFPAIR=1;RP=0;RPQ=0;SC=1X650N1X79M;SR=0;SRQ=0;SVTYPE=BND;VF=3"	GT:AF:ANRP:ANRPQ:ANSR:ANSRQ:ASQ:ASRP:ASSR:BAQ:BASRP:BASSR:BQ:BSC:BSCQ:BUM:BUMQ:BVF:CASQ:IC:IQ:QUAL:RASQ:REF:REFPAIR:RP:RPQ:SR:SRQ:VF	.:0.143:0:0:0:0:0:2:0:0:0:0:20.81:0:0:1:20.81:1:0:0:0:41.61:41.61:12:1:0:0:0:0:2	.:0.067:0:0:0:0:0:1:0:0:0:0:38.31:0:0:2:38.31:2:0:0:0:19.16:19.16:14:0:0:0:0:0:1	split	q24.3	AQ		NM_000346	72121019	72126413	989	97	6	yes	3	intron1-exon2	CDS	4	5'	72121826	72122815																								9	Camptomelic_dysplasia																																								0.56	0.381975160267575	0.703846761105902	0.793251620299599	261.882.289.203.088	411.091.506.783.466	"46,XX ovotesticular disorder of sex development;46,XX sex reversal 1;46,XY complete gonadal dysgenesis;46,XY partial gonadal dysgenesis;Cooks syndrome;campomelic dysplasia;isolated Pierre-Robin syndrome"	AD	"Definitive;Limited;Strong;Supportive"	"10951468;11076045;11323423;11371614;11754051;12783851;19449405;22051515[PMID];22051515[PMID]_20301724[PMID];24140641[PMID];24934569[PMID]_19234473[PMID];7485151;7990924;8001137;8894698;9002675"	608160	"Acampomelic campomelic dysplasia, 114290 (3) AD;Campomelic dysplasia with autosomal sex reversal, 114290 (3) AD;Campomelic dysplasia, 114290 (3) AD"	AD	yes		0	9,98E+03	9,84E+03			full=3
19_1900_2300_DUP	19	1940	2340	400	DUP	P2sorter	1,2	gridss256bf_17h	N	<DUP>	60.77	"LOW_QUAL;SINGLE_ASSEMBLY"	"ANRP=0;ANRPQ=0;ANSR=0;ANSRQ=0;AS=1;ASC=1X650N1X;ASQ=60.77;ASRP=3;ASSR=0;BA=0;BAQ=0;BASRP=0;BASSR=0;BEID=asm256-946;BEIDH=244;BEIDL=0;BMQ=42;BMQN=42;BMQX=42;BQ=123.19;BSC=0;BSCQ=0;BUM=6;BUMQ=123.19;BVF=6;CAS=0;CASQ=0;CIPOS=;CIRPOS=-325,326;CQ=60.77;EVENT=gridss256bf_17;IC=0;IMPRECISE;IQ=0;MATEID=gridss256bf_17o;MQ=51;MQN=42;MQX=60;RAS=0;RASQ=0;REF=7;REFPAIR=1;RP=0;RPQ=0;SC=1X650N1X;SR=0;SRQ=0;SVTYPE=BND;VF=3;BNDrescue"	GT:AF:ANRP:ANRPQ:ANSR:ANSRQ:ASQ:ASRP:ASSR:BAQ:BASRP:BASSR:BQ:BSC:BSCQ:BUM:BUMQ:BVF:CASQ:IC:IQ:QUAL:RASQ:REF:REFPAIR:RP:RPQ:SR:SRQ:VF	.:0.333:0:0:0:0:41.61:2:0:0:0:0:104.03:0:0:5:104.03:5:0:0:0:41.61:0:4:0:0:0:0:0:2	.:0.25:0:0:0:0:19.16:1:0:0:0:0:19.16:0:0:1:19.16:1:0:0:0:19.16:0:3:1:0:0:0:0:1	full	q24.3	AR	1																														"dbVar:nssv15149908;nssv15152170;dbVar:nssv15159024;dbVar:nssv15160732;dbVar:nssv15159027;dbVar:nssv15127236;dbVar:nssv15147369;dbVar:nssv15149626;dbVar:nssv15776727;dbVar:nssv15153193;dbVar:nssv15223205;dbVar:nssv15152233;dbVar:nssv15147088;dbVar:nssv15146769"	"17:150734-83084062;17:157424-83100564;17:158757-83102004;17:162554-83100251;17:16854250-83103577;17:36449221-75053130;17:44503317-83137846;17:64782603-83084062;17:65693554-83084062;17:66163621-76894942;17:69006275-83084062;17:69209080-83086677;17:69916436-83102552"	"0.00;0.00;0.00;0.00;0.00;0.00;0.00;0.01;0.01;0.01;0.01;0.01;0.01"			dbVar:nssv15127168	17:36382249-83103577	0.00	12	Camptomelic_dysplasia																							0.620	0.515			17:72123140-72123167	(CA)n												0.56	0.381975160267575	0.703846761105902	0.793251620299599	261.882.289.203.088	411.091.506.783.466					608160			yes		0	9,98E+03	9,84E+03	0.45	"1A (cf Gene_count, RE_gene, +0.00);2I-1 (SOX9, +0.45);2B (cf po_P_gain_source, TS, OMIM_morbid+0.00);3A (1 gene, +0.00);5F (+0.00)"	3
20_2000_2400_DUP	20	2040	2440	400	DUP	P2sorter	1,2	gridss256bf_17h	N	<DUP>	60.77	"LOW_QUAL;SINGLE_ASSEMBLY"	"ANRP=0;ANRPQ=0;ANSR=0;ANSRQ=0;AS=1;ASC=1X650N1X;ASQ=60.77;ASRP=3;ASSR=0;BA=0;BAQ=0;BASRP=0;BASSR=0;BEID=asm256-946;BEIDH=244;BEIDL=0;BMQ=42;BMQN=42;BMQX=42;BQ=123.19;BSC=0;BSCQ=0;BUM=6;BUMQ=123.19;BVF=6;CAS=0;CASQ=0;CIPOS=;CIRPOS=-325,326;CQ=60.77;EVENT=gridss256bf_17;IC=0;IMPRECISE;IQ=0;MATEID=gridss256bf_17o;MQ=51;MQN=42;MQX=60;RAS=0;RASQ=0;REF=7;REFPAIR=1;RP=0;RPQ=0;SC=1X650N1X;SR=0;SRQ=0;SVTYPE=BND;VF=3;BNDrescue"	GT:AF:ANRP:ANRPQ:ANSR:ANSRQ:ASQ:ASRP:ASSR:BAQ:BASRP:BASSR:BQ:BSC:BSCQ:BUM:BUMQ:BVF:CASQ:IC:IQ:QUAL:RASQ:REF:REFPAIR:RP:RPQ:SR:SRQ:VF	.:0.333:0:0:0:0:41.61:2:0:0:0:0:104.03:0:0:5:104.03:5:0:0:0:41.61:0:4:0:0:0:0:0:2	.:0.25:0:0:0:0:19.16:1:0:0:0:0:19.16:0:0:1:19.16:1:0:0:0:19.16:0:3:1:0:0:0:0:1	split	q24.3	AS		NM_000346	72121019	72126413	990	254	16	yes	3	intron1-intron2	CDS	169	5'	72122151	72123141																								12	Camptomelic_dysplasia																																								0.56	0.381975160267575	0.703846761105902	0.793251620299599	261.882.289.203.088	411.091.506.783.466	"46,XX ovotesticular disorder of sex development;46,XX sex reversal 1;46,XY complete gonadal dysgenesis;46,XY partial gonadal dysgenesis;Cooks syndrome;campomelic dysplasia;isolated Pierre-Robin syndrome"	AD	"Definitive;Limited;Strong;Supportive"	"10951468;11076045;11323423;11371614;11754051;12783851;19449405;22051515[PMID];22051515[PMID]_20301724[PMID];24140641[PMID];24934569[PMID]_19234473[PMID];7485151;7990924;8001137;8894698;9002675"	608160	"Acampomelic campomelic dysplasia, 114290 (3) AD;Campomelic dysplasia with autosomal sex reversal, 114290 (3) AD;Campomelic dysplasia, 114290 (3) AD"	AD	yes		0	9,98E+03	9,84E+03			full=3